./1850181/image2.jpeg,580,387
./1850936/assets/sit.JPG,1078,964
./1850936/assets/stool.jpg,5117,6255
./1851373/assets/image.jpg,5120,4960
./1851640/assets/image3.jpg,4000,2753
./1851640/assets/image4.jpg,4000,2753
./1950016/assets/image5.JPG,7952,5304
./1950016/assets/image6.jpg,518,340
./1950016/assets/image7.png,763,406
./1950016/assets/image8.png,1317,1125
./1950158/assets/image1.jpg,7872,5304
./1950226/image1.jpeg,6121,4083
./1950551/2.png,361,702
./1950551/板凳.jpg,1600,1067
./1950555/assets/image5.jpg,7952,5304
./1950555/assets/image6.jpg,7952,5304
./1950555/new version looks like personal site/personalpageimage/conponents.png,1372,771
./1950555/new version looks like personal site/personalpageimage/flappycover.png,1376,775
./1950555/new version looks like personal site/personalpageimage/icon-01.png,209,209
./1950555/new version looks like personal site/personalpageimage/icon-02.png,209,209
./1950555/new version looks like personal site/personalpageimage/image5.jpg,7952,5304
./1950555/new version looks like personal site/personalpageimage/myphoto.jpg,3993,3993
./1950555/new version looks like personal site/personalpageimage/project1.jpg,7952,5304
./1950555/new version looks like personal site/personalpageimage/realuser.jpg,4965,2793
./1950555/new version looks like personal site/personalpageimage/scene.png,536,402
./1950555/new version looks like personal site/personalpageimage/stool.png,1370,769
./1950555/new version looks like personal site/personalpageimage/withhat.JPG,6240,3504
./1950601/assets/channel stool.png,3600,3600
./1950601/assets/CHANNEL.png,1920,1080
./1950601/assets/Channel_2.JPG,1920,1042
./1950601/assets/Channel_end.png,1920,911
./1950601/assets/hacker.png,1920,769
./1950639/assets/1.png,4032,3024
./1950639/assets/pot.JPG,2405,2404
./1950639/assets/pot1.JPG,1279,1706
./1950639/assets/pot2.JPG,1279,1706
./1950639/assets/pot3.JPG,1279,1706
./1950639/assets/pot4.JPG,1279,1706
./1950639/assets/s1.png,1620,1080
./1950639/assets/s2.png,1620,1080
./1950639/assets/s3.png,1620,1080
./1950639/assets/s4.png,1620,1080
./1950639/assets/s5.png,1620,1080
./1950700/DSC04266.png,7952,5304
./1950700/正.png,7952,5304
./1950701/assets/凳子1.png,831,831
./1950720/image/draft.png,596,225
./1950720/image/header.png,1390,556
./1950720/image/main1.png,862,768
./1950720/image/main2.png,7738,5161
./1950720/image/profile.png,741,741
./1950720/image/profile1.png,2958,741
./1950737/assets/0401.png,7000,7952
./1950737/assets/04index.jpg,8000,7952
./1950737/assets/image2.jpeg,580,387
./1950737/assets/image3.jpeg,580,387
./1950737/assets/image4.jpeg,580,387
./1950934/assets/img1.png,550,512
./1950934/assets/img2.png,799,799
./1950934/assets/img3.png,550,487
./1950934/assets/theimg.jpg,5816,5032
./1951050/assets/change.jpg,1080,1440
./1951050/assets/image7.jpg,8972,6060
./1951134/image/!!!.png,7952,5304
./1951134/image/lagg-lai-ge-guo-dian-lu-se__0711755_PE728447_S5(1).png,600,600
./1951242/assets/1-0.png,1920,1080
./1951242/assets/1-1.png,1920,1080
./1951242/assets/1-2.png,1920,1080
./1951242/assets/1-4.png,1920,1080
./1951242/assets/1-5.png,1920,1080
./1951242/assets/1-6.png,1920,1080
./1951242/assets/1-7.png,1920,1080
./1951242/assets/1-8.png,1920,1080
./1951242/assets/1.25.jpg,1024,576
./1951242/assets/1.27.jpg,1024,576
./1951242/assets/v2.20.png,1024,1390
./1951242/assets/图片1.png,3648,2736
./1951288/assets/acry1.png,698,392
./1951288/assets/acry2.png,713,401
./1951288/assets/Front.png,1320,1552
./1951288/assets/image10.png,1034,898
./1951288/assets/image11.png,1280,720
./1951288/assets/image12.png,299,398
./1951288/assets/image13.png,302,403
./1951288/assets/image14.png,391,521
./1951288/assets/image2.png,9828,7352
./1951288/assets/image3.png,500,500
./1951288/assets/image4.png,1470,1320
./1951288/assets/image5.png,1280,900
./1951288/assets/image6.png,1280,900
./1951288/assets/image7.png,1148,1322
./1951288/assets/image8.png,1280,720
./1951288/assets/image9.png,1494,1348
./1951288/assets/imgae1.png,2100,2700
./1951288/assets/Perspective.png,1748,1510
./1951288/assets/Right.png,1580,1546
./1951288/assets/Top.png,1430,1570
./1951776/assets/dairy/001.png,1754,2480
./1951776/assets/dairy/002.png,1754,2480
./1951776/assets/dairy/003.png,1754,2480
./1951776/assets/dairy/004.png,1754,2480
./1951776/assets/dairy/005.png,1754,2480
./1951776/assets/dairy/006.png,1754,2480
./1951776/assets/dairy/007.png,1754,2480
./1951776/assets/dairy/008.png,1754,2480
./1951776/assets/image_B.jpeg,580,387
./1951776/assets/image_S.jpeg,580,387
./1951933/images/111.jpg,1257,525
./1951933/images/w-2.jpg,874,773
./1951933/images/w-4.jpg,6240,3504
./1951933/images/w-5.jpg,6240,3504
./1951933/images/w-6.jpg,3504,6167
./1951933/images/w-7.jpg,3475,2464
./1952181/1952181.png,2736,3648
./1952181/1952181陈宁子 正图.jpg,7952,5304
./1952188/assets/image2.jpeg,580,387
./1952188/assets/image3.jpeg,580,387
./1952188/assets/image4.jpeg,580,387
./1952188/assets/image5.png,505,505
./1952188/assets/image6.jpg,1077,1076
./1952441/assets/image3.jpeg,7952,5304
./1952441/assets/image4.jpeg,600,600
./1952685/assets/图片1.png,1890,1417
./1952685/assets/图片3.jpg,4400,2475
./1952694/images/hero6.jpg,1400,933
./1952694/images/image1.jpg,1988,1326
./1952694/images/image2.jpg,6000,4000
./1952694/images/image3.jpg,6000,4000
./1952694/images/image4.jpg,1033,689
./1952858/assets/img1.jpg,1620,1080
./1952858/assets/img2.jpg,1620,1080
./1952858/assets/img3.jpg,1620,1080
./1952858/assets/main img.jpg,1620,1080
./1952860/assets/product pictures.png,5977,5977
./1952860/assets/正图.jpg,7952,5512
./1952867/asset/日记4.jpg,13375,7300
./1952867/asset/白底.jpg,5625,4611
./1953025/IMG/01.jpg,500,500
./1953025/IMG/02.png,800,800
./1953025/IMG/03.png,800,800
./1953025/IMG/04.png,800,800
./1953025/IMG/05.png,800,800
./1953025/IMG/06.png,800,800
./1953025/IMG/07.png,800,800
./1953025/IMG/08.png,800,800
./1953025/IMG/09.png,800,800
./1953025/IMG/10.png,800,800
./1953025/IMG/11.jpg,1200,1200
./1953025/IMG/12.jpg,4000,4000
./1953025/IMG/13.jpg,4000,4000
./1953025/IMG/back.png,64,64
./1953154/assets/image1.jpg,7952,5304
./1953154/assets/image2.jpg,670,446
./1953256/assets/image.png,550,654
./1953256/assets/main img.jpg,405,270
./1953330/assets/image2.jpeg,580,387
./1953330/assets/image3.jpeg,4132,4883
./1953330/assets/image4.jpeg,216,242
./1953330/assets/图片1.jpg,960,434
./1953344/assets/实物图.jpg,3816,3816
./1953344/assets/渲染图2.jpg,2560,2221
./1953430/assets/image1.png,2816,1964
./1953430/assets/image2.jpg,599,599
./1953763/assets/image1.jpg,1440,1080
./1953763/assets/image2.png,3840,2160
./1953763/assets/image3.png,3840,2160
./1953763/assets/image4.png,3840,2160
./1953763/assets/image5.jpg,5304,7952
./1953763/assets/image6.jpg,1440,1080
./1953763/assets/image7.jpg,1440,1080
./1953880/asset/image2.jpg,7796,5304
./1953880/asset/image3.jpg,1754,1239
./1953880/asset/image4.jpg,1754,1239
./1954046/assets/image3.jpg,5304,5304
./1954046/assets/image4.jpg,4000,4000
./1954260/assets/image1.jpg,7952,5304
./1954260/assets/image2.jpg,830,550
./1954260/assets/image6.jpg,608,603
./1956246/assets/image1.jpg,7952,5304
./1956247/gatsby1.png,7952,5304
./jane project/photo/dfall.png,701,501
./jane project/photo/image3.jpeg,425,467
./jane project/photo/image4 (2).jpeg,216,242
./jane project/photo/image4.jpeg,777,776
./jane project/photo/roofcase.jpg,606,433
./jane project/photo/seau.jpg,7016,4046
./jane project/photo/tftl.jpg,4131,3148
./jane project/photo/关灯.png,922,297
./jane project/photo/头像背景.jpg,3508,2480
./jane project/photo/宜动床.png,981,701
./jane project/photo/樱花海.JPG,5183,2702
./jane project/photo/眠眼gsc.jpg,1000,527
./jane project/photo/菟.jpg,1024,683
